Target,Model,Validation,R2,RMSE,MAE,MAPE (%)
Arrivals,LSTM,Walk-Forward (seq=12),0.8646645363095067,142225.0672344724,112154.04687500003,8.005390810884705
Arrivals,GRU,Walk-Forward (seq=12),0.7844988502370449,179471.3525940815,131337.4578125,9.797532778464483
Arrivals,LSTM 2 Layers,Walk-Forward (seq=12),0.8601611004671712,144572.04988242858,117974.709375,8.434318268917378
Arrivals,LSTM + CNN,Walk-Forward (seq=12),0.8733446035917773,137588.51691603696,113483.1484375,7.690944349272491
Nights,LSTM,Walk-Forward (seq=12),0.35929889857536734,477363.74873458076,361621.5033783784,13.355359313659488
Nights,GRU,Walk-Forward (seq=12),0.4357851618188098,447964.8642082899,318797.375,11.79840248807583
Nights,LSTM 2 Layers,Walk-Forward (seq=12),-0.11895375903158212,630852.4148900538,476299.9510135135,19.05677117517061
Nights,LSTM + CNN,Walk-Forward (seq=12),0.49113531231141017,425424.85278598225,345995.52702702704,13.470958508845271
