Model,R2,RMSE,MAE,MAPE
Ridge,0.9147090875863949,112907.22154731923,88339.18238666914,6.2495628439595645
SARIMA,0.7687137071012315,185928.20979405157,161527.8744463575,12.388007169177943
LSTM,-2.3105357855387094,703427.7279798598,598031.5140625,38.49979159514068
