Model,R2,RMSE,MAE,MAPE
XGBoost,0.8760558337513762,136107.91628754337,107028.3125,7.404900237586844
LSTM,0.6957544323224099,213246.77412391166,167148.5453125,11.05433523770257
GRU,0.5995281665270815,244656.25755817682,198297.4203125,13.310521736196845
LSTM 2 Layers,0.541770544134389,261704.89243562132,213001.4765625,14.735739408635663
LSTM + CNN,0.5319843992403981,264484.6703014682,192598.459375,12.749982379694574
