Model,R2,RMSE,MAE,MAPE
XGBoost,0.8746665973683627,136868.57803496064,104937.334375,7.238640359890031
Ridge,0.8672811572391672,140843.44303375666,110071.5148282003,7.1297245184828855
LSTM,0.8137938005953693,166827.41025628624,137769.0046875,9.60135364460825
SARIMA,-0.8213299827134188,521752.6440761452,493110.78976835695,35.83292477972721
