Modèle,MAE,MSE,R2,MAPE (%)
SARIMA,930688.0309077002,999814365584.8629,-5.689269483994849,63.15751654137311
SARIMAX,822028.4933995613,1094580151888.0953,-6.323301064521468,59.48616909461181
Fourier,803933.5572469694,861202307034.2769,-4.761883915941174,52.554087199581986
