Model,R2,RMSE,MAE,MAPE
Ridge,0.8672811572391672,140843.44303375666,110071.5148282003,7.1297245184828855
SARIMA,0.7687137078772835,185928.2094821222,161527.874105628,12.388007142304645
LSTM,-0.1902172818403718,421777.5560929381,372393.5265625,24.52382295650098
