Model,R2,RMSE,MAE,MAPE
Ridge,0.8828642789681673,132316.8086884962,105247.80330287832,7.029467623480469
Hybrid Model,-0.0261817721679198,391635.8935384743,346770.7229950951,22.843471571388456
CatBoost,-0.3933519742640508,456352.8412138807,408806.26748073485,27.091775171052568
XGBoost,-0.4613019947894947,467347.9356438027,414204.0703125,27.32613554776068
LightGBM,-1.0152199165655906,548822.0648683393,487988.7598298761,32.29973487754384
SVR,-4.771110496085565,928752.5836102292,844460.61683322,56.060800285716425
Best DL (CNN-LSTM),-8.703572796016463,1834622.5346121832,1599942.4376501227,150.93247538453474
Transformer,-19579459657.357315,82410251706.87318,64639436249.62561,4655846.502312294
