Target,Model,R2,RMSE,MAE,MAPE
Arrivals,Ridge,0.9147090875863949,112907.22154731923,88339.18238666914,6.2495628439595645
Arrivals,Prophet,0.8858420057238997,130624.15829048179,92176.57877008014,6.1099076523722795
Arrivals,SARIMA,0.7687137071012315,185928.20979405157,161527.8744463575,12.388007169177943
Nights,Gradient Boosting,-0.00217232936118128,606456.8762504556,446861.8326747448,15.780025887760482
Nights,Ridge,-0.10100227968690056,635656.9943111942,458880.131904097,16.924740444863218
Nights,Random Forest,-0.2583763777553383,679569.6886512958,505054.7578947369,17.621758830656184
